[[["fastcore", 0], {"1": [true, {}], "2": [true, {}], "3": [true, {}], "4": [true, {}], "5": [true, {}], "6": [true, {}], "7": [true, {}], "8": [true, {}], "9": [true, {}], "10": [true, {}], "11": [true, {}], "12": [true, {}], "13": [true, {}], "14": [true, {}], "15": [true, {}], "16": [true, {}], "17": [true, {}], "18": [true, {}], "19": [false, {}], "20": [true, {}], "21": [true, {}], "22": [true, {}], "23": [true, {}], "24": [true, {}], "25": [true, {}], "26": [true, {}], "27": [true, {}], "28": [true, {}], "29": [true, {}], "30": [true, {}], "31": [true, {}], "32": [true, {}], "33": [true, {}], "34": [false, {}], "35": [true, {}], "36": [true, {}], "37": [true, {}], "38": [true, {}], "39": [false, {}], "40": [true, {}], "41": [true, {}], "42": [true, {}], "43": [true, {}], "44": [false, {}], "45": [true, {}], "46": [false, {}], "47": [true, {}], "48": [true, {}], "49": [true, {}], "50": [true, {}], "51": [false, {}], "52": [false, {}], "53": [false, {}], "54": [false, {}], "55": [false, {}], "56": [false, {}], "57": [true, {}], "58": [true, {}], "59": [true, {}], "60": [true, {}], "61": [true, {}], "62": [false, {}], "63": [true, {}], "64": [true, {}], "65": [false, {}], "66": [false, {}], "67": [false, {}], "68": [true, {}], "69": [true, {}], "70": [false, {}], "71": [false, {}], "72": [true, {}], "73": [false, {}], "74": [true, {}], "75": [true, {}], "76": [true, {}], "77": [true, {}], "78": [false, {}], "79": [true, {}], "80": [false, {}], "81": [true, {}], "82": [true, {}], "83": [false, {}], "84": [true, {}], "85": [true, {}], "86": [true, {}], "87": [false, {}], "88": [true, {}], "89": [true, {}], "90": [false, {}], "91": [false, {}], "92": [false, {}], "93": [true, {}], "94": [true, {}], "95": [true, {}], "96": [true, {}], "97": [false, {}], "98": [true, {}], "99": [true, {}], "100": [false, {}], "101": [false, {}], "102": [true, {}], "103": [true, {}], "104": [false, {}], "105": [false, {}], "106": [true, {}], "107": [true, {}], "108": [true, {}], "109": [false, {}], "110": [false, {}], "111": [true, {}], "112": [false, {}], "113": [true, {}], "114": [false, {}], "115": [true, {}], "116": [false, {}], "117": [false, {}], "118": [false, {}], "119": [false, {}], "120": [false, {}], "121": [true, {}], "122": [true, {}], "123": [true, {}], "124": [false, {}], "125": [true, {}], "126": [false, {}], "127": [true, {}], "128": [false, {}], "129": [false, {}], "130": [false, {}], "131": [true, {}], "132": [false, {}], "133": [true, {}], "134": [false, {}], "135": [true, {}], "136": [false, {}], "137": [false, {}], "138": [true, {}], "139": [false, {}], "140": [true, {}], "141": [true, {}], "142": [true, {}], "143": [false, {}], "144": [true, {}], "145": [true, {}], "146": [true, {}], "147": [true, {}], "148": [true, {}], "149": [false, {}], "150": [true, {}], "151": [true, {}], "152": [false, {}], "153": [true, {}], "154": [true, {}], "155": [true, {}], "156": [true, {}], "157": [true, {}], "158": [true, {}], "159": [true, {}], "160": [true, {}], "161": [false, {}], "162": [false, {}], "163": [false, {}], "164": [true, {}], "165": [true, {}], "166": [true, {}], "167": [true, {}], "168": [true, {}], "169": [true, {}], "170": [true, {}], "171": [true, {}], "172": [false, {}], "173": [true, {}], "174": [false, {}], "175": [true, {}], "176": [true, {}], "177": [true, {}], "178": [true, {}], "179": [true, {}], "180": [true, {}], "181": [true, {}], "182": [false, {}], "183": [false, {}], "184": [false, {}], "185": [false, {}], "186": [false, {}], "187": [false, {}], "188": [false, {}], "189": [false, {}], "190": [true, {}], "191": [false, {}], "192": [true, {}], "193": [false, {}], "194": [true, {}], "195": [false, {}], "196": [true, {}], "197": [true, {}], "198": [true, {}], "199": [false, {}], "200": [true, {}], "201": [false, {}], "202": [true, {}], "203": [false, {}], "204": [false, {}], "205": [true, {}], "206": [true, {}], "207": [true, {}], "208": [true, {}], "209": [false, {}], "210": [true, {}]}], [["fastcore", 1], {"1": [true, {}], "2": [false, {}], "3": [true, {}], "4": [false, {}], "5": [true, {}], "6": [true, {}], "7": [true, {}], "8": [true, {}], "9": [true, {}], "10": [false, {}], "11": [true, {}], "12": [false, {}], "13": [true, {}], "14": [false, {}], "15": [true, {}], "16": [false, {}], "17": [true, {}], "18": [true, {}], "19": [false, {}], "20": [true, {}], "21": [true, {}], "22": [true, {}], "23": [false, {}], "24": [false, {}], "25": [true, {}], "26": [true, {}], "27": [true, {}], "28": [true, {}], "29": [true, {}], "30": [true, {}], "31": [false, {}], "32": [true, {}], "33": [true, {}], "34": [true, {}], "35": [true, {}], "36": [true, {}], "37": [true, {}], "38": [false, {}], "39": [true, {}], "40": [true, {}], "41": [true, {}], "42": [true, {}], "43": [true, {}], "44": [false, {}], "45": [true, {}], "46": [false, {}], "47": [true, {}], "48": [true, {}], "49": [true, {}], "50": [true, {}], "51": [false, {}], "52": [false, {}], "53": [false, {}], "54": [false, {}], "55": [false, {}], "56": [false, {}], "57": [true, {}], "58": [true, {}], "59": [true, {}], "60": [true, {}], "61": [true, {}], "62": [false, {}], "63": [true, {}], "64": [true, {}], "65": [false, {}], "66": [true, {}], "67": [true, {}], "68": [true, {}], "69": [true, {}], "70": [true, {}], "71": [false, {}], "72": [true, {}], "73": [false, {}], "74": [true, {}], "75": [true, {}], "76": [true, {}], "77": [true, {}], "78": [false, {}], "79": [false, {}], "80": [false, {}], "81": [false, {}], "82": [true, {}], "83": [false, {}], "84": [true, {}], "85": [false, {}], "86": [true, {}], "87": [false, {}], "88": [true, {}], "89": [false, {}], "90": [false, {}], "91": [false, {}], "92": [false, {}], "93": [true, {}], "94": [false, {}], "95": [true, {}], "96": [true, {}], "97": [false, {}], "98": [true, {}], "99": [true, {}], "100": [false, {}], "101": [false, {}], "102": [false, {}], "103": [true, {}], "104": [true, {}], "105": [false, {}], "106": [true, {}], "107": [false, {}], "108": [true, {}], "109": [false, {}], "110": [false, {}], "111": [true, {}], "112": [false, {}], "113": [true, {}], "114": [false, {}], "115": [true, {}], "116": [false, {}], "117": [true, {}], "118": [true, {}], "119": [true, {}], "120": [false, {}], "121": [true, {}], "122": [true, {}], "123": [true, {}], "124": [false, {}], "125": [true, {}], "126": [false, {}], "127": [true, {}], "128": [false, {}], "129": [false, {}], "130": [false, {}], "131": [true, {}], "132": [false, {}], "133": [true, {}], "134": [false, {}], "135": [true, {}], "136": [false, {}], "137": [false, {}], "138": [true, {}], "139": [false, {}], "140": [false, {}], "141": [true, {}], "142": [false, {}], "143": [false, {}], "144": [false, {}], "145": [false, {}], "146": [true, {}], "147": [true, {}], "148": [true, {}], "149": [true, {}], "150": [true, {}], "151": [true, {}], "152": [false, {}], "153": [true, {}], "154": [true, {}], "155": [true, {}], "156": [true, {}], "157": [true, {}], "158": [true, {}], "159": [true, {}], "160": [true, {}], "161": [false, {}], "162": [false, {}], "163": [false, {}], "164": [true, {}], "165": [true, {}], "166": [true, {}], "167": [true, {}], "168": [true, {}], "169": [true, {}], "170": [true, {}], "171": [true, {}], "172": [true, {}], "173": [true, {}], "174": [true, {}], "175": [true, {}], "176": [true, {}], "177": [true, {}], "178": [true, {}], "179": [true, {}], "180": [true, {}], "181": [true, {}], "182": [false, {}], "183": [false, {}], "184": [true, {}], "185": [true, {}], "186": [false, {}], "187": [false, {}], "188": [false, {}], "189": [false, {}], "190": [true, {}], "191": [false, {}], "192": [true, {}], "193": [false, {}], "194": [true, {}], "195": [true, {}], "196": [true, {}], "197": [true, {}], "198": [true, {}], "199": [false, {}], "200": [true, {}], "201": [false, {}], "202": [true, {}], "203": [false, {}], "204": [false, {}], "205": [true, {}], "206": [true, {}], "207": [true, {}], "208": [true, {}], "209": [true, {}], "210": [true, {}]}], [["fastcore", 2], {"1": [true, {}], "2": [true, {}], "3": [true, {}], "4": [false, {}], "5": [false, {}], "6": [false, {}], "7": [true, {}], "8": [true, {}], "9": [true, {}], "10": [true, {}], "11": [true, {}], "12": [true, {}], "13": [true, {}], "14": [true, {}], "15": [true, {}], "16": [true, {}], "17": [true, {}], "18": [false, {}], "19": [true, {}], "20": [false, {}], "21": [false, {}], "22": [true, {}], "23": [false, {}], "24": [false, {}], "25": [false, {}], "26": [false, {}], "27": [false, {}], "28": [false, {}], "29": [false, {}], "30": [false, {}], "31": [false, {}], "32": [true, {}], "33": [false, {}], "34": [true, {}], "35": [true, {}], "36": [true, {}], "37": [true, {}], "38": [true, {}], "39": [true, {}], "40": [false, {}], "41": [true, {}], "42": [false, {}], "43": [false, {}], "44": [false, {}], "45": [true, {}], "46": [true, {}], "47": [true, {}], "48": [true, {}], "49": [false, {}], "50": [false, {}], "51": [false, {}], "52": [false, {}], "53": [false, {}], "54": [false, {}], "55": [true, {}], "56": [false, {}], "57": [true, {}], "58": [false, {}], "59": [false, {}], "60": [false, {}], "61": [false, {}], "62": [false, {}], "63": [false, {}], "64": [true, {}], "65": [false, {}], "66": [false, {}], "67": [false, {}], "68": [true, {}], "69": [false, {}], "70": [true, {}], "71": [false, {}], "72": [false, {}], "73": [false, {}], "74": [false, {}], "75": [false, {}], "76": [false, {}], "77": [false, {}], "78": [false, {}], "79": [false, {}], "80": [true, {}], "81": [true, {}], "82": [true, {}], "83": [false, {}], "84": [false, {}], "85": [true, {}], "86": [true, {}], "87": [false, {}], "88": [false, {}], "89": [true, {}], "90": [true, {}], "91": [true, {}], "92": [false, {}], "93": [false, {}], "94": [false, {}], "95": [false, {}], "96": [false, {}], "97": [false, {}], "98": [true, {}], "99": [true, {}], "100": [false, {}], "101": [false, {}], "102": [false, {}], "103": [true, {}], "104": [false, {}], "105": [false, {}], "106": [true, {}], "107": [false, {}], "108": [true, {}], "109": [false, {}], "110": [false, {}], "111": [true, {}], "112": [false, {}], "113": [false, {}], "114": [false, {}], "115": [true, {}], "116": [false, {}], "117": [false, {}], "118": [false, {}], "119": [false, {}], "120": [false, {}], "121": [false, {}], "122": [false, {}], "123": [true, {}], "124": [false, {}], "125": [true, {}], "126": [false, {}], "127": [false, {}], "128": [false, {}], "129": [false, {}], "130": [true, {}], "131": [true, {}], "132": [false, {}], "133": [true, {}], "134": [false, {}], "135": [false, {}], "136": [false, {}], "137": [false, {}], "138": [false, {}], "139": [false, {}], "140": [false, {}], "141": [true, {}], "142": [false, {}], "143": [false, {}], "144": [false, {}], "145": [true, {}], "146": [false, {}], "147": [true, {}], "148": [false, {}], "149": [false, {}], "150": [false, {}], "151": [true, {}], "152": [false, {}], "153": [true, {}], "154": [true, {}], "155": [false, {}], "156": [false, {}], "157": [false, {}], "158": [false, {}], "159": [false, {}], "160": [false, {}], "161": [false, {}], "162": [false, {}], "163": [false, {}], "164": [false, {}], "165": [false, {}], "166": [false, {}], "167": [false, {}], "168": [false, {}], "169": [false, {}], "170": [false, {}], "171": [false, {}], "172": [true, {}], "173": [false, {}], "174": [true, {}], "175": [false, {}], "176": [false, {}], "177": [false, {}], "178": [false, {}], "179": [true, {}], "180": [false, {}], "181": [false, {}], "182": [false, {}], "183": [false, {}], "184": [false, {}], "185": [false, {}], "186": [false, {}], "187": [false, {}], "188": [false, {}], "189": [false, {}], "190": [false, {}], "191": [true, {}], "192": [true, {}], "193": [false, {}], "194": [false, {}], "195": [true, {}], "196": [false, {}], "197": [false, {}], "198": [true, {}], "199": [false, {}], "200": [true, {}], "201": [false, {}], "202": [true, {}], "203": [true, {}], "204": [true, {}], "205": [true, {}], "206": [true, {}], "207": [true, {}], "208": [true, {}], "209": [true, {}], "210": [true, {}]}], [["fastcore", 3], {"1": [true, {}], "2": [false, {}], "3": [true, {}], "4": [false, {}], "5": [false, {}], "6": [true, {}], "7": [true, {}], "8": [true, {}], "9": [true, {}], "10": [true, {}], "11": [false, {}], "12": [true, {}], "13": [false, {}], "14": [true, {}], "15": [false, {}], "16": [false, {}], "17": [false, {}], "18": [false, {}], "19": [true, {}], "20": [false, {}], "21": [false, {}], "22": [true, {}], "23": [false, {}], "24": [false, {}], "25": [false, {}], "26": [false, {}], "27": [true, {}], "28": [true, {}], "29": [true, {}], "30": [true, {}], "31": [false, {}], "32": [true, {}], "33": [true, {}], "34": [true, {}], "35": [true, {}], "36": [true, {}], "37": [true, {}], "38": [false, {}], "39": [true, {}], "40": [true, {}], "41": [false, {}], "42": [false, {}], "43": [false, {}], "44": [false, {}], "45": [true, {}], "46": [true, {}], "47": [true, {}], "48": [true, {}], "49": [false, {}], "50": [false, {}], "51": [false, {}], "52": [false, {}], "53": [false, {}], "54": [false, {}], "55": [true, {}], "56": [false, {}], "57": [true, {}], "58": [false, {}], "59": [true, {}], "60": [true, {}], "61": [true, {}], "62": [true, {}], "63": [true, {}], "64": [true, {}], "65": [false, {}], "66": [false, {}], "67": [false, {}], "68": [true, {}], "69": [true, {}], "70": [true, {}], "71": [false, {}], "72": [true, {}], "73": [false, {}], "74": [true, {}], "75": [false, {}], "76": [false, {}], "77": [true, {}], "78": [false, {}], "79": [false, {}], "80": [true, {}], "81": [true, {}], "82": [true, {}], "83": [false, {}], "84": [true, {}], "85": [true, {}], "86": [true, {}], "87": [true, {}], "88": [false, {}], "89": [true, {}], "90": [true, {}], "91": [true, {}], "92": [true, {}], "93": [false, {}], "94": [false, {}], "95": [false, {}], "96": [false, {}], "97": [false, {}], "98": [false, {}], "99": [true, {}], "100": [false, {}], "101": [false, {}], "102": [false, {}], "103": [true, {}], "104": [false, {}], "105": [false, {}], "106": [true, {}], "107": [false, {}], "108": [true, {}], "109": [false, {}], "110": [true, {}], "111": [true, {}], "112": [false, {}], "113": [false, {}], "114": [false, {}], "115": [true, {}], "116": [false, {}], "117": [true, {}], "118": [false, {}], "119": [false, {}], "120": [false, {}], "121": [true, {}], "122": [true, {}], "123": [true, {}], "124": [false, {}], "125": [true, {}], "126": [false, {}], "127": [false, {}], "128": [true, {}], "129": [false, {}], "130": [true, {}], "131": [true, {}], "132": [false, {}], "133": [true, {}], "134": [false, {}], "135": [false, {}], "136": [true, {}], "137": [true, {}], "138": [false, {}], "139": [false, {}], "140": [false, {}], "141": [true, {}], "142": [false, {}], "143": [false, {}], "144": [false, {}], "145": [false, {}], "146": [false, {}], "147": [true, {}], "148": [false, {}], "149": [true, {}], "150": [true, {}], "151": [false, {}], "152": [true, {}], "153": [true, {}], "154": [true, {}], "155": [true, {}], "156": [false, {}], "157": [false, {}], "158": [false, {}], "159": [false, {}], "160": [false, {}], "161": [false, {}], "162": [false, {}], "163": [false, {}], "164": [false, {}], "165": [false, {}], "166": [false, {}], "167": [false, {}], "168": [false, {}], "169": [false, {}], "170": [false, {}], "171": [false, {}], "172": [true, {}], "173": [false, {}], "174": [true, {}], "175": [false, {}], "176": [true, {}], "177": [false, {}], "178": [false, {}], "179": [false, {}], "180": [false, {}], "181": [false, {}], "182": [false, {}], "183": [false, {}], "184": [false, {}], "185": [false, {}], "186": [true, {}], "187": [false, {}], "188": [false, {}], "189": [false, {}], "190": [false, {}], "191": [true, {}], "192": [true, {}], "193": [false, {}], "194": [false, {}], "195": [true, {}], "196": [true, {}], "197": [false, {}], "198": [true, {}], "199": [false, {}], "200": [true, {}], "201": [false, {}], "202": [true, {}], "203": [true, {}], "204": [true, {}], "205": [true, {}], "206": [true, {}], "207": [true, {}], "208": [true, {}], "209": [true, {}], "210": [true, {}]}], [["fastcore", 4], {"1": [true, {}], "2": [true, {}], "3": [true, {}], "4": [true, {}], "5": [false, {}], "6": [true, {}], "7": [true, {}], "8": [true, {}], "9": [true, {}], "10": [false, {}], "11": [false, {}], "12": [false, {}], "13": [false, {}], "14": [false, {}], "15": [false, {}], "16": [false, {}], "17": [false, {}], "18": [false, {}], "19": [true, {}], "20": [false, {}], "21": [false, {}], "22": [true, {}], "23": [true, {}], "24": [true, {}], "25": [false, {}], "26": [false, {}], "27": [false, {}], "28": [false, {}], "29": [true, {}], "30": [false, {}], "31": [false, {}], "32": [true, {}], "33": [true, {}], "34": [true, {}], "35": [true, {}], "36": [false, {}], "37": [true, {}], "38": [true, {}], "39": [true, {}], "40": [true, {}], "41": [true, {}], "42": [true, {}], "43": [true, {}], "44": [true, {}], "45": [true, {}], "46": [false, {}], "47": [true, {}], "48": [true, {}], "49": [false, {}], "50": [false, {}], "51": [true, {}], "52": [true, {}], "53": [false, {}], "54": [false, {}], "55": [true, {}], "56": [false, {}], "57": [true, {}], "58": [false, {}], "59": [true, {}], "60": [true, {}], "61": [false, {}], "62": [false, {}], "63": [false, {}], "64": [true, {}], "65": [false, {}], "66": [false, {}], "67": [false, {}], "68": [true, {}], "69": [true, {}], "70": [false, {}], "71": [false, {}], "72": [false, {}], "73": [false, {}], "74": [true, {}], "75": [false, {}], "76": [true, {}], "77": [false, {}], "78": [false, {}], "79": [true, {}], "80": [true, {}], "81": [true, {}], "82": [true, {}], "83": [false, {}], "84": [true, {}], "85": [true, {}], "86": [true, {}], "87": [false, {}], "88": [true, {}], "89": [true, {}], "90": [true, {}], "91": [true, {}], "92": [false, {}], "93": [true, {}], "94": [false, {}], "95": [false, {}], "96": [true, {}], "97": [true, {}], "98": [false, {}], "99": [true, {}], "100": [false, {}], "101": [false, {}], "102": [true, {}], "103": [true, {}], "104": [false, {}], "105": [false, {}], "106": [true, {}], "107": [true, {}], "108": [true, {}], "109": [false, {}], "110": [false, {}], "111": [true, {}], "112": [false, {}], "113": [false, {}], "114": [false, {}], "115": [true, {}], "116": [false, {}], "117": [true, {}], "118": [true, {}], "119": [true, {}], "120": [false, {}], "121": [true, {}], "122": [true, {}], "123": [true, {}], "124": [false, {}], "125": [true, {}], "126": [false, {}], "127": [true, {}], "128": [false, {}], "129": [true, {}], "130": [true, {}], "131": [true, {}], "132": [false, {}], "133": [true, {}], "134": [false, {}], "135": [false, {}], "136": [false, {}], "137": [true, {}], "138": [false, {}], "139": [false, {}], "140": [false, {}], "141": [true, {}], "142": [false, {}], "143": [false, {}], "144": [false, {}], "145": [true, {}], "146": [false, {}], "147": [true, {}], "148": [false, {}], "149": [false, {}], "150": [false, {}], "151": [false, {}], "152": [false, {}], "153": [true, {}], "154": [true, {}], "155": [true, {}], "156": [false, {}], "157": [false, {}], "158": [false, {}], "159": [false, {}], "160": [false, {}], "161": [false, {}], "162": [false, {}], "163": [false, {}], "164": [false, {}], "165": [true, {}], "166": [false, {}], "167": [true, {}], "168": [false, {}], "169": [true, {}], "170": [false, {}], "171": [true, {}], "172": [true, {}], "173": [true, {}], "174": [true, {}], "175": [true, {}], "176": [true, {}], "177": [true, {}], "178": [false, {}], "179": [true, {}], "180": [false, {}], "181": [false, {}], "182": [false, {}], "183": [false, {}], "184": [false, {}], "185": [false, {}], "186": [false, {}], "187": [false, {}], "188": [false, {}], "189": [false, {}], "190": [false, {}], "191": [true, {}], "192": [true, {}], "193": [false, {}], "194": [false, {}], "195": [false, {}], "196": [true, {}], "197": [false, {}], "198": [true, {}], "199": [false, {}], "200": [true, {}], "201": [false, {}], "202": [true, {}], "203": [true, {}], "204": [true, {}], "205": [true, {}], "206": [true, {}], "207": [true, {}], "208": [true, {}], "209": [true, {}], "210": [true, {}]}]]